recurso,prom_sin,prom_con
Computador,10.096666666666666,24.26764705882353
Laboratorio,38.325,1.222
Microscopio,47.94,21.222500000000004
Osciloscopio,58.71,5.386
